[
  {
    "carid": "t001",
    "name": "Corolla",
    "brand": "Toyoto",
    "fueltype": "petrol",
    "vehicletype": "sedan",
    "locations": "Sydney, Mumbai, Singapore",
    "price": 20,
    "available": 20,
    "popular": "TRUE",
    "id": "9"
  },
  {
    "carid": "t002",
    "name": "Hilander",
    "brand": "Toyoto",
    "fueltype": "petrol",
    "vehicletype": "SUV",
    "locations": "Singapore",
    "price": 25,
    "available": 15,
    "popular": "TRUE",
    "id": "10"
  },
  {
    "carid": "t003",
    "name": "Alphard",
    "brand": "Toyoto",
    "fueltype": "petrol",
    "vehicletype": "MPV",
    "locations": "Singapore",
    "price": 25,
    "available": 10,
    "popular": "FALSE",
    "id": "11"
  },
  {
    "carid": "t004",
    "name": "Yuan",
    "brand": "BYD",
    "fueltype": "EMV",
    "vehicletype": "sedan",
    "locations": "Singapore",
    "price": 35,
    "available": 30,
    "popular": "FALSE",
    "id": "12"
  },
  {
    "carid": "t005",
    "name": "RAV4",
    "brand": "Toyoto",
    "fueltype": "Hybrid",
    "vehicletype": "SUV",
    "locations": "Sydney, Singapore",
    "price": 30,
    "available": 25,
    "popular": "TRUE",
    "id": "2FAA6477FA00265D"
  },
  {
    "carid": "t006",
    "name": "Corolla",
    "brand": "Toyoto",
    "fueltype": "Hybrid",
    "vehicletype": "Hatch",
    "locations": "Sydney, Singapore",
    "price": 12,
    "available": 30,
    "popular": "TRUE",
    "id": "D5EB680A8DA26908"
  },
  {
    "carid": "t007",
    "name": "Camry",
    "brand": "Toyoto",
    "fueltype": "Hybrid",
    "vehicletype": "Hatch",
    "locations": "Sydney, Mumbai, Singapore",
    "price": 25,
    "available": 15,
    "popular": "FALSE",
    "id": "E2DB57F2F7723C5F"
  },
  {
    "carid": "t008",
    "name": "Yarris",
    "brand": "Toyoto",
    "fueltype": "petrol",
    "vehicletype": "Hatch",
    "locations": "Sydney",
    "price": 12,
    "available": 10,
    "popular": "FALSE",
    "id": "DA1077312D5AD120"
  },
  {
    "carid": "t009",
    "name": "Elantra",
    "brand": "Hyundai",
    "fueltype": "petrol",
    "vehicletype": "sedan",
    "locations": "Sydney, Mumbai, Singapore",
    "price": 20,
    "available": 12,
    "popular": "FALSE",
    "id": "865CFE329A29EE91"
  },
  {
    "carid": "t010",
    "name": "i30",
    "brand": "Hyundai",
    "fueltype": "petrol",
    "vehicletype": "Hatch",
    "locations": "Sydney, Mumbai, Singapore",
    "price": 12,
    "available": 35,
    "popular": "TRUE",
    "id": "8DA940DC4D18C67E"
  },
  {
    "carid": "t011",
    "name": "Kona",
    "brand": "Hyundai",
    "fueltype": "Hybrid",
    "vehicletype": "SUV",
    "locations": "Sydney",
    "price": 25,
    "available": 15,
    "popular": "FALSE",
    "id": "D0C5BA50D2639F81"
  },
  {
    "carid": "t012",
    "name": "CRV",
    "brand": "Honda",
    "fueltype": "petrol",
    "vehicletype": "SUV",
    "locations": "Sydney, Mumbai, Singapore",
    "price": 30,
    "available": 20,
    "popular": "TRUE",
    "id": "2EC28E2422AC67B4"
  },
  {
    "carid": "t013",
    "name": "HRV",
    "brand": "Honda",
    "fueltype": "petrol",
    "vehicletype": "SUV",
    "locations": "Sydney",
    "price": 25,
    "available": 12,
    "popular": "FALSE",
    "id": "CEEEA03AD5F073FC"
  },
  {
    "carid": "t014",
    "name": "City",
    "brand": "Honda",
    "fueltype": "petrol",
    "vehicletype": "sedan",
    "locations": "Sydney, Mumbai, Singapore",
    "price": 20,
    "available": 30,
    "popular": "TRUE",
    "id": "8214BE0CEAE9D56F"
  },
  {
    "carid": "t015",
    "name": "Civic",
    "brand": "Honda",
    "fueltype": "petrol",
    "vehicletype": "sedan",
    "locations": "Sydney, Mumbai, Singapore",
    "price": 20,
    "available": 20,
    "popular": "FALSE",
    "id": "DE09CF5EDB2315A6"
  },
  {
    "carid": "t016",
    "name": "S",
    "brand": "Tesla",
    "fueltype": "EMV",
    "vehicletype": "sedan",
    "locations": "Sydney, Singapore",
    "price": 30,
    "available": 10,
    "popular": "TRUE",
    "id": "CB6D9C73AAD371A3"
  },
  {
    "carid": "t017",
    "name": "Baleno",
    "brand": "Suzuki",
    "fueltype": "petrol",
    "vehicletype": "Hatch",
    "locations": "Mumbai, Singapore",
    "price": 15,
    "available": 25,
    "popular": "TRUE",
    "id": "155F7100CE1ACEF4"
  },
  {
    "carid": "t018",
    "name": "Swift",
    "brand": "Suzuki",
    "fueltype": "petrol",
    "vehicletype": "Sedan",
    "locations": "Mumbai",
    "price": 15,
    "available": 30,
    "popular": "TRUE",
    "id": "94E89E7A5437DFB1"
  },
  {
    "carid": "t019",
    "name": "VITARA",
    "brand": "Suzuki",
    "fueltype": "petrol",
    "vehicletype": "SUV",
    "locations": "Sydney, Mumbai, Singapore",
    "price": 25,
    "available": 10,
    "popular": "FALSE",
    "id": "A184E9FCA27A6D74"
  },
  {
    "carid": "t020",
    "name": "Ignis",
    "brand": "Suzuki",
    "fueltype": "petrol",
    "vehicletype": "SUV",
    "locations": "Sydney, Mumbai",
    "price": 20,
    "available": 10,
    "popular": "FALSE",
    "id": "7B5990A1077B79DE"
  },
  {
    "carid": "t021",
    "name": "ASX",
    "brand": "Mitsubishi",
    "fueltype": "petrol",
    "vehicletype": "SUV",
    "locations": "Sydney, Mumbai, Singapore",
    "price": 20,
    "available": 20,
    "popular": "TRUE",
    "id": "C5BBE5A06051C55C"
  },
  {
    "carid": "t022",
    "name": "Outlander",
    "brand": "Mitsubishi",
    "fueltype": "petrol",
    "vehicletype": "SUV",
    "locations": "Sydney, Singapore",
    "price": 35,
    "available": 10,
    "popular": "TRUE",
    "id": "C33283E576E4C948"
  },
  {
    "carid": "t023",
    "name": "Pajero",
    "brand": "Mitsubishi",
    "fueltype": "petrol",
    "vehicletype": "SUV",
    "locations": "Sydney, Singapore",
    "price": 50,
    "available": 5,
    "popular": "FALSE",
    "id": "0C2C71E3A6D31DC2"
  },
  {
    "carid": "t024",
    "name": "Sorento",
    "brand": "Kia",
    "fueltype": "petrol",
    "vehicletype": "MPV",
    "locations": "Sydney",
    "price": 50,
    "available": 7,
    "popular": "FALSE",
    "id": "D4F330C225E04908"
  },
  {
    "carid": "t025",
    "name": "Sportage",
    "brand": "Kia",
    "fueltype": "petrol",
    "vehicletype": "SUV",
    "locations": "Sydney, Singapore",
    "price": 35,
    "available": 12,
    "popular": "TRUE",
    "id": "88EF8B59264DD66F"
  },
  {
    "carid": "t026",
    "name": "EV9",
    "brand": "Kia",
    "fueltype": "EMV",
    "vehicletype": "SUV",
    "locations": "Sydney",
    "price": 35,
    "available": 7,
    "popular": "FALSE",
    "id": "173828FC3D761156"
  },
  {
    "carid": "t027",
    "name": "Cerato",
    "brand": "Kia",
    "fueltype": "petrol",
    "vehicletype": "Hatch",
    "locations": "Sydney, Mumbai, Singapore",
    "price": 15,
    "available": 25,
    "popular": "TRUE",
    "id": "8B5EC5248E388C19"
  }
]